min_pct,max_pct
12.770133801317924,97.03818582445493
